Date,Google,Facebook,Apple
2017-09-07,46.797501,173.210007,38.261566
2017-09-08,46.325001,170.949997,37.637562
2017-09-11,46.453999,173.509995,38.318501
2017-09-12,46.6035,172.960007,38.166664
2017-09-13,46.754501,173.050003,37.87957
2017-09-14,46.255501,170.960007,37.554512
2017-09-15,46.0145,171.639999,37.934147
2017-09-18,45.75,170.009995,37.647041
2017-09-19,46.0905,172.520004,37.661289
2017-09-20,46.578999,172.169998,37.030151
2017-09-21,46.622501,171.110001,36.394279
2017-09-22,46.426498,170.539993,36.038391
2017-09-25,46.0485,162.869995,35.720455
2017-09-26,46.243,164.210007,36.334969
2017-09-27,47.224499,167.679993,36.59359
2017-09-28,47.474998,168.729996,36.368179
2017-09-29,47.955502,170.869995,36.567486
2017-10-02,47.663502,169.470001,36.493935
2017-10-03,47.8895,169.960007,36.652908
2017-10-04,47.584,168.419998,36.415638
2017-10-05,48.498001,171.240005,36.868816
2017-10-06,48.9445,172.229996,36.847462
2017-10-09,48.849998,172.5,36.975594
2017-10-10,48.630001,171.589996,36.989819
2017-10-11,49.462502,172.740005,37.144051
2017-10-12,49.391499,172.550003,37.013546
2017-10-13,49.484001,173.740005,37.248444
2017-10-16,49.599998,174.520004,37.934147
2017-10-17,49.609001,176.110001,38.074127
2017-10-18,49.640499,176.029999,37.905663
2017-10-19,49.2225,174.559998,37.008801
2017-10-20,49.41,174.979996,37.072865
2017-10-23,48.422501,171.270004,37.053883
2017-10-24,48.527,171.800003,37.274548
2017-10-25,48.6665,170.600006,37.110825
2017-10-26,48.627998,170.630005,37.348087
2017-10-27,50.963501,177.880005,38.686275
2017-10-30,50.855499,179.869995,39.557045
2017-10-31,50.832001,180.059998,40.107498
2017-11-01,51.275002,182.660004,39.597374
2017-11-02,51.278999,178.919998,39.886841
2017-11-03,51.624001,178.919998,40.928448
2017-11-06,51.294998,180.169998,41.34367
2017-11-07,51.6665,180.25,41.476524
2017-11-08,51.9925,179.559998,41.815815
2017-11-09,51.563,179.300003,41.730412
2017-11-10,51.4035,178.460007,41.592293
2017-11-13,51.287498,178.770004,41.42561
2017-11-14,51.299999,178.070007,40.799362
2017-11-15,51.045502,177.949997,40.261208
2017-11-16,51.625,179.589996,40.742214
2017-11-17,50.954498,179.0,40.515991
2017-11-20,50.918999,178.740005,40.475517
2017-11-21,51.724499,181.860001,41.227978
2017-11-22,51.798,180.869995,41.661343
2017-11-24,52.030499,182.779999,41.663727
2017-11-27,52.710499,183.029999,41.454185
2017-11-28,52.370499,182.419998,41.211304
2017-11-29,51.083,175.130005,40.356453
2017-11-30,51.070499,177.179993,40.920803
2017-12-01,50.508499,175.100006,40.730301
2017-12-04,49.933998,171.470001,40.432648
2017-12-05,50.2575,172.830002,40.394554
2017-12-06,50.918999,176.059998,40.244537
2017-12-07,51.546501,180.139999,40.318352
2017-12-08,51.852501,179.0,40.330265
2017-12-11,52.055,179.039993,41.116055
2017-12-12,52.023998,176.960007,40.88509
2017-12-13,52.030499,178.300003,41.020809
2017-12-14,52.4575,178.389999,41.008907
2017-12-15,53.209499,180.179993,41.42561
2017-12-18,53.856998,180.820007,42.008999
2017-12-19,53.534,179.509995,41.56134
2017-12-20,53.247501,177.889999,41.516094
2017-12-21,53.181499,177.449997,41.673248
2017-12-22,53.006001,177.199997,41.673248
2017-12-26,52.837002,175.990005,40.616009
2017-12-27,52.468498,177.619995,40.623146
2017-12-28,52.407001,177.919998,40.737453
2017-12-29,52.32,176.460007,40.296932
2018-01-02,53.25,181.419998,41.018433
2018-01-03,54.124001,184.669998,41.011288
2018-01-04,54.32,184.330002,41.201775
2018-01-05,55.1115,186.850006,41.670876
2018-01-08,55.347,188.279999,41.516094
2018-01-09,55.313,187.869995,41.511337
2018-01-10,55.130501,187.839996,41.501816
2018-01-11,55.276001,187.770004,41.737537
2018-01-12,56.112999,179.369995,42.168549
2018-01-16,56.088001,178.389999,41.954239
2018-01-17,56.598999,177.600006,42.647167
2018-01-18,56.489498,179.800003,42.685265
2018-01-19,56.8755,181.289993,42.494766
2018-01-22,57.790501,185.369995,42.147114
2018-01-23,58.498501,189.350006,42.156639
2018-01-24,58.212002,186.550003,41.485138
2018-01-25,58.518501,187.479996,40.744591
2018-01-26,58.792,190.0,40.839836
2018-01-29,58.778999,185.979996,39.994514
2018-01-30,58.184502,187.119995,39.75877
2018-01-31,58.497002,186.889999,39.868309
2018-02-01,58.384998,193.089996,39.951653
2018-02-02,55.595001,190.279999,38.218151
2018-02-05,52.790001,181.259995,37.26329
2018-02-06,54.029999,185.309998,38.820587
2018-02-07,52.429001,180.179993,37.989548
2018-02-08,50.076,171.580002,36.944214
2018-02-09,51.889,176.110001,37.396076
2018-02-12,52.597,176.410004,38.902359
2018-02-13,52.605,173.149994,39.292072
2018-02-14,53.485001,179.520004,40.016521
2018-02-15,54.476002,179.960007,41.360195
2018-02-16,54.740002,177.360001,41.226299
2018-02-20,55.123001,176.009995,41.087646
2018-02-21,55.567001,177.910004,40.90115
2018-02-22,55.331501,178.990005,41.24305
2018-02-23,56.3395,183.289993,41.960312
2018-02-26,57.1875,184.929993,42.789955
2018-02-27,55.914501,181.460007,42.651295
2018-02-28,55.2365,178.320007,42.586727
2018-03-01,53.476002,175.940002,41.840775
2018-03-02,53.945999,176.619995,42.130074
2018-03-05,54.546501,180.399994,42.275917
2018-03-06,54.752998,179.779999,42.240055
2018-03-07,55.481998,183.710007,41.847942
2018-03-08,56.299999,182.339996,42.304611
2018-03-09,58.001999,185.229996,43.031433
2018-03-12,58.224998,184.759995,43.447464
2018-03-13,56.908501,181.880005,43.029034
2018-03-14,57.474499,184.190002,42.663239
2018-03-15,57.479,183.860001,42.713448
2018-03-16,56.786499,185.089996,42.562828
2018-03-19,54.991001,172.559998,41.912506
2018-03-20,54.885502,168.149994,41.898148
2018-03-21,54.543999,169.389999,40.948971
2018-03-22,52.453999,164.889999,40.370365
2018-03-23,51.078499,159.389999,39.435524
2018-03-26,52.6605,160.059998,41.307602
2018-03-27,50.255001,152.220001,40.248428
2018-03-28,50.228001,153.029999,39.803726
2018-03-29,51.5895,159.789993,40.11454
2018-04-02,50.323502,155.389999,39.851543
2018-04-03,50.670502,156.110001,40.260384
2018-04-04,51.257,155.100006,41.030254
2018-04-05,51.390499,159.339996,41.314781
2018-04-06,50.352001,157.199997,40.258003
2018-04-09,50.772499,157.929993,40.65728
2018-04-10,51.582001,165.039993,41.422363
2018-04-11,50.998501,166.320007,41.228691
2018-04-12,51.6255,163.869995,41.635162
2018-04-13,51.463501,164.520004,41.776215
2018-04-16,51.898998,164.830002,42.036831
2018-04-17,53.708,168.660004,42.615425
2018-04-18,53.604,166.360001,42.519798
2018-04-19,54.384998,168.100006,41.314781
2018-04-20,53.647999,166.279999,39.622013
2018-04-23,53.372501,165.839996,39.507252
2018-04-24,50.999001,159.690002,38.957348
2018-04-25,51.058998,159.690002,39.127102
2018-04-26,52.001999,174.160004,39.263374
2018-04-27,51.502499,173.589996,38.809109
2018-04-30,50.866501,172.0,39.512028
2018-05-01,51.865501,173.860001,40.430149
2018-05-02,51.219002,176.070007,42.216148
2018-05-03,51.186001,174.020004,42.292648
2018-05-04,52.4105,176.610001,43.951935
2018-05-07,52.739498,177.970001,44.269924
2018-05-08,52.695499,178.919998,44.482716
2018-05-09,54.138,182.660004,44.795929
2018-05-10,54.878502,185.529999,45.43668
2018-05-11,54.912998,186.990005,45.263878
2018-05-14,55.009998,186.639999,45.158264
2018-05-15,53.961498,184.320007,44.747852
2018-05-16,54.088501,183.199997,45.16547
2018-05-17,53.929501,183.759995,44.879852
2018-05-18,53.318001,182.679993,44.716652
2018-05-21,53.979,184.490005,45.03347
2018-05-22,53.4865,183.800003,44.920662
2018-05-23,53.984501,186.899994,45.208675
2018-05-24,53.962002,185.929993,45.158264
2018-05-25,53.783001,184.919998,45.261478
2018-05-29,53.015999,185.740005,45.098267
2018-05-30,53.389999,187.669998,45.002254
2018-05-31,54.2495,191.779999,44.851063
2018-06-01,55.974998,193.990005,45.659901
2018-06-04,56.9645,193.279999,46.041523
2018-06-05,56.983002,192.940002,46.396732
2018-06-06,56.844002,191.339996,46.557552
2018-06-07,56.193001,188.179993,46.432743
2018-06-08,56.043499,189.100006,46.010307
2018-06-11,56.4995,191.539993,45.897499
2018-06-12,56.966,192.399994,46.149521
2018-06-13,56.739498,192.410004,45.770294
2018-06-14,57.605999,196.809998,45.794308
2018-06-15,57.612999,195.850006,45.323875
2018-06-18,58.673,198.309998,45.29987
2018-06-19,58.403,197.490005,44.567837
2018-06-20,58.492001,202.0,44.762257
2018-06-21,57.882999,201.5,44.512646
2018-06-22,57.773998,201.740005,44.383034
2018-06-25,56.240501,196.350006,43.722996
2018-06-26,55.923,199.0,44.265427
2018-06-27,55.199001,195.839996,44.200626
2018-06-28,55.710999,196.229996,44.522236
2018-06-29,55.782501,194.320007,44.428642
2018-07-02,56.373001,197.360001,44.925457
2018-07-03,55.144501,192.729996,44.143028
2018-07-05,56.213501,198.449997,44.498241
2018-07-06,57.008499,203.229996,45.11507
2018-07-09,57.702499,204.740005,45.741505
2018-07-10,57.641998,203.539993,45.686298
2018-07-11,57.695,202.539993,45.093479
2018-07-12,59.174,206.919998,45.849495
2018-07-13,59.441002,207.320007,45.921505
2018-07-16,59.193001,207.229996,45.820713
2018-07-17,59.939999,209.990005,45.950314
2018-07-18,59.793999,209.360001,45.698299
2018-07-19,59.348,208.089996,46.053516
2018-07-20,59.245499,209.940002,45.947914
2018-07-23,60.275002,210.910004,45.988708
2018-07-24,62.403999,214.669998,46.322338
2018-07-25,63.185001,217.5,46.759155
2018-07-26,63.4165,176.259995,46.612747
2018-07-27,61.924999,174.889999,45.837505
2018-07-30,60.987,171.059998,45.580688
2018-07-31,60.862999,172.580002,45.671898
2018-08-01,61.0005,171.649994,48.362438
2018-08-02,61.307499,176.369995,49.776104
2018-08-03,61.185501,177.779999,49.920124
2018-08-06,61.238499,185.690002,50.179325
2018-08-07,62.111,183.809998,49.7089
2018-08-08,62.280499,185.179993,49.742489
2018-08-09,62.455002,183.089996,50.13372
2018-08-10,61.880501,180.259995,49.984398
2018-08-13,61.7505,180.050003,50.307137
2018-08-14,62.105,181.110001,50.519104
2018-08-15,60.719002,179.529999,50.637108
2018-08-16,60.324501,174.699997,51.378944
2018-08-17,60.048,173.800003,52.404972
2018-08-20,60.3885,172.5,51.894371
2018-08-21,60.081001,172.619995,51.793201
2018-08-22,60.366501,173.639999,51.795612
2018-08-23,60.269001,172.899994,51.901596
2018-08-24,61.032501,174.649994,52.062965
2018-08-27,62.091,177.460007,52.491695
2018-08-28,61.557499,176.259995,52.915588
2018-08-29,62.465,175.899994,53.705589
2018-08-30,61.956001,177.639999,54.199337
2018-08-31,60.9095,175.729996,54.825558
2018-09-04,59.849998,171.160004,55.001385
2018-09-05,59.324001,167.179993,54.642513
2018-09-06,58.571999,162.529999,53.734489
2018-09-07,58.241501,163.039993,53.300949
2018-09-10,58.231998,164.179993,52.585613
2018-09-11,58.868,165.940002,53.915127
2018-09-12,58.140999,162.0,53.245564
2018-09-13,58.766499,161.360001,54.531712
2018-09-14,58.626499,162.320007,53.91272
2018-09-17,57.802502,160.580002,52.47723
2018-09-18,58.061001,160.300003,52.563946
2018-09-19,58.554501,163.059998,52.595242
2018-09-20,59.343498,166.020004,52.995064
2018-09-21,58.304501,162.929993,52.424248
2018-09-24,58.668499,165.410004,53.178112
2018-09-25,59.232498,164.910004,53.515316
2018-09-26,59.024502,166.949997,53.089001
2018-09-27,59.731998,168.839996,54.180077
2018-09-28,59.6735,164.460007,54.370346
2018-10-01,59.765499,162.440002,54.736446
2018-10-02,60.005501,159.330002,55.222969
2018-10-03,60.147499,162.429993,55.894939
2018-10-04,58.4095,158.850006,54.912258
2018-10-05,57.8675,157.330002,54.021107
2018-10-08,57.448502,157.25,53.895859
2018-10-09,56.941002,157.899994,54.642513
2018-10-10,54.061001,151.380005,52.111137
2018-10-11,53.966,153.350006,51.6511
2018-10-12,55.504002,153.740005,53.496044
2018-10-15,54.612499,153.520004,52.35199
2018-10-16,56.063999,158.779999,53.505669
2018-10-17,55.7845,159.419998,53.274456
2018-10-18,54.398499,154.919998,52.029255
2018-10-19,54.823002,154.050003,52.821651
2018-10-22,55.057999,154.779999,53.144394
2018-10-23,55.184502,154.389999,53.645378
2018-10-24,52.5355,146.039993,51.805252
2018-10-25,54.7785,150.949997,52.939674
2018-10-26,53.573502,145.369995,52.096684
2018-10-29,51.004002,142.089996,51.11882
2018-10-30,51.810501,146.220001,51.374115
2018-10-31,53.838501,151.789993,52.713276
2018-11-01,53.5,151.75,53.522541
2018-11-02,52.8895,150.350006,49.972363
2018-11-05,52.004501,148.679993,48.55373
2018-11-06,52.790501,149.940002,49.078785
2018-11-07,54.669498,151.529999,50.567257
2018-11-08,54.119999,147.869995,50.390831
2018-11-09,53.307499,144.960007,49.419216
2018-11-12,51.931499,141.550003,46.929768
2018-11-13,51.802502,142.160004,46.460873
2018-11-14,52.182999,144.220001,45.148479
2018-11-15,53.2355,143.850006,46.262688
2018-11-16,53.074501,139.529999,46.77507
2018-11-19,51.0,131.550003,44.92128
2018-11-20,51.287998,132.429993,42.77504
2018-11-21,51.880501,134.820007,42.726696
2018-11-23,51.194,131.729996,41.641502
2018-11-26,52.431,136.380005,42.204647
2018-11-27,52.220501,135.0,42.112797
2018-11-28,54.311501,136.759995,43.732147
2018-11-29,54.415001,138.679993,43.396198
2018-11-30,54.7215,140.610001,43.161755
2018-12-03,55.321499,141.089996,44.669922
2018-12-04,52.541,137.929993,42.704945
2018-12-06,53.436501,139.630005,42.228813
2018-12-07,51.828999,137.419998,40.723057
2018-12-10,51.977501,141.850006,40.991341
2018-12-11,52.587502,142.080002,40.756897
2018-12-12,53.183998,144.5,40.870499
2018-12-13,53.095001,145.009995,41.317627
2018-12-14,52.105,144.059998,39.995556
2018-12-17,50.8265,140.190002,39.623348
2018-12-18,51.435501,143.660004,40.138157
2018-12-19,51.150501,133.240005,38.886181
2018-12-20,50.470501,133.399994,37.904907
2018-12-21,48.977001,124.949997,36.430573
2018-12-24,48.811001,124.059998,35.487961
2018-12-26,51.973,134.179993,37.987076
2018-12-27,52.194,134.520004,37.740551
2018-12-28,51.854,133.199997,37.759884
2018-12-31,51.780499,131.089996,38.12484
2019-01-02,52.2925,135.679993,38.16835
2019-01-03,50.803001,131.740005,34.366501
2019-01-04,53.5355,137.949997,35.83358
2019-01-07,53.419498,138.050003,35.753819
2019-01-08,53.813999,142.529999,36.435406
2019-01-09,53.733002,144.229996,37.054138
2019-01-10,53.516499,144.199997,37.172569
2019-01-11,52.859501,143.800003,36.807606
2019-01-14,52.234501,145.389999,36.254135
2019-01-15,53.857498,148.949997,36.996132
2019-01-16,54.0485,147.539993,37.448097
2019-01-17,54.494999,148.300003,37.67046
2019-01-18,54.912998,150.039993,37.902489
2019-01-22,53.526001,147.570007,37.05172
2019-01-23,53.7785,144.300003,37.201572
2019-01-24,53.695,145.830002,36.9067
2019-01-25,54.5495,149.009995,38.129677
2019-01-28,53.504002,147.470001,37.77681
2019-01-29,53.030998,144.190002,37.385262
2019-01-30,54.452999,150.419998,39.93996
2019-01-31,55.818501,166.690002,40.227577
2019-02-01,55.537498,165.710007,40.246922
2019-02-04,56.639999,169.25,41.390137
2019-02-05,57.2995,171.160004,42.098297
2019-02-06,55.761501,170.490005,42.112797
2019-02-07,54.935501,166.380005,41.315212
2019-02-08,54.752998,167.330002,41.363758
2019-02-11,54.7505,165.789993,41.125877
2019-02-12,56.068501,165.039993,41.48027
2019-02-13,56.007999,164.070007,41.307919
2019-02-14,56.0835,163.949997,41.458416
2019-02-15,55.682499,162.5,41.36618
2019-02-19,55.928001,162.289993,41.489971
2019-02-20,55.689999,162.559998,41.756973
2019-02-21,54.848499,160.039993,41.521534
2019-02-22,55.518501,161.889999,41.985153
2019-02-25,55.470001,164.619995,42.290985
2019-02-26,55.7565,164.130005,42.315262
2019-02-27,55.802502,162.809998,42.446335
2019-02-28,55.995998,161.449997,42.028843
2019-03-01,57.0495,162.279999,42.470608
2019-03-04,57.389999,167.369995,42.6842
2019-03-05,58.101501,171.259995,42.606537
2019-03-06,57.893002,172.509995,42.361382
2019-03-07,57.165001,169.130005,41.871067
2019-03-08,57.116001,169.600006,41.970581
2019-03-11,58.787998,172.070007,43.42453
2019-03-12,59.66,171.919998,43.912426
2019-03-13,59.666,173.369995,44.106613
2019-03-14,59.2775,170.169998,44.596931
2019-03-15,59.223,165.979996,45.177059
2019-03-18,59.213001,160.470001,45.638245
2019-03-19,59.942501,161.570007,45.276573
2019-03-20,61.198502,165.440002,45.672226
2019-03-21,61.577,166.080002,47.35434
2019-03-22,60.275002,164.339996,46.373718
2019-03-25,59.650002,166.289993,45.813007
2019-03-26,59.230999,167.679993,45.33968
2019-03-27,58.651001,165.869995,45.747478
2019-03-28,58.4245,165.550003,45.808155
2019-03-29,58.665501,166.690002,46.106716
2019-04-01,59.7215,168.699997,46.419838
2019-04-02,60.024502,174.199997,47.094627
2019-04-03,60.296001,173.539993,47.417465
2019-04-04,60.75,176.020004,47.499985
2019-04-05,60.357498,175.720001,47.817966
2019-04-08,60.192001,174.929993,48.570438
2019-04-09,59.862499,177.580002,48.424793
2019-04-10,60.108002,177.820007,48.696648
2019-04-11,60.230999,177.509995,48.29129
2019-04-12,60.893501,179.100006,48.271873
2019-04-15,61.055,179.649994,48.359257
2019-04-16,61.356499,178.869995,48.364113
2019-04-17,61.817001,178.779999,49.305908
2019-04-18,61.818501,178.279999,49.483097
2019-04-22,62.442001,181.440002,49.645721
2019-04-23,63.227501,183.779999,50.361782
2019-04-24,62.799999,182.580002,50.284096
2019-04-25,63.172501,193.259995,49.827774
2019-04-26,63.609001,191.490005,49.589905
2019-04-29,64.378998,194.779999,49.66515
2019-04-30,59.424,193.399994,48.708786
2019-05-01,58.403999,193.029999,51.099689
2019-05-02,58.130501,192.529999,50.767147
2019-05-03,59.27,195.470001,51.398251
2019-05-06,59.469501,193.880005,50.604515
2019-05-07,58.705002,189.770004,49.240372
2019-05-08,58.313499,189.539993,49.250072
2019-05-09,58.118999,188.649994,48.720928
2019-05-10,58.213501,188.339996,48.045975
2019-05-13,56.601501,181.539993,45.253563
2019-05-14,56.021999,180.729996,45.969952
2019-05-15,58.210499,186.270004,46.52063
2019-05-16,58.949001,186.990005,46.315948
2019-05-17,58.115002,185.300003,46.05278
2019-05-20,56.942501,182.720001,44.612724
2019-05-21,57.481499,184.820007,45.467991
2019-05-22,57.570999,185.320007,44.537186
2019-05-23,57.038502,180.869995,43.776955
2019-05-24,56.6735,181.059998,43.608822
2019-05-28,56.7075,184.309998,43.428501
2019-05-29,55.823002,182.190002,43.221401
2019-05-30,55.897499,183.009995,43.445564
2019-05-31,55.181499,177.470001,42.658531
2019-06-03,51.811501,164.149994,42.227238
2019-06-04,52.6525,167.5,43.772083
2019-06-05,52.111,168.169998,44.47871
2019-06-06,52.216999,168.330002,45.131737
2019-06-07,53.301998,173.350006,46.333008
2019-06-10,54.019001,174.820007,46.925106
2019-06-11,53.936001,178.100006,47.468483
2019-06-12,53.851501,175.039993,47.317413
2019-06-13,54.438499,177.470001,47.307663
2019-06-14,54.267502,181.330002,46.9641
2019-06-17,54.625,189.009995,47.244312
2019-06-18,55.18,188.470001,48.355423
2019-06-19,55.116501,187.479996,48.214104
2019-06-20,55.570999,189.529999,48.601528
2019-06-21,56.094002,191.139999,48.435829
2019-06-24,55.776001,192.600006,48.387104
2019-06-25,54.317501,188.839996,47.653675
2019-06-26,53.990002,187.660004,48.684376
2019-06-27,53.800499,189.5,48.669765
2019-06-28,54.045502,193.0,48.226276
2019-07-01,54.897499,193.0,49.110794
2019-07-02,55.5625,195.0,49.398312
2019-07-03,56.078999,197.199997,49.807674
2019-07-05,56.579498,196.399994,49.763817
2019-07-08,55.817501,195.759995,48.73798
2019-07-09,56.241501,199.210007,49.035252
2019-07-10,57.023998,202.729996,49.520149
2019-07-11,57.210499,201.229996,49.159527
2019-07-12,57.244999,204.869995,49.537201
2019-07-15,57.516998,203.910004,50.002605
2019-07-16,57.679001,203.839996,49.829597
2019-07-17,57.317501,201.800003,49.549389
2019-07-18,57.316502,200.779999,50.112255
2019-07-19,56.505001,198.360001,49.364201
2019-07-22,56.9035,202.320007,50.492382
2019-07-23,57.310501,202.360001,50.887115
2019-07-24,56.890499,204.660004,50.845684
2019-07-25,56.605999,200.710007,50.443645
2019-07-26,62.5205,199.75,50.61908
2019-07-29,61.970501,195.940002,51.091785
2019-07-30,61.257,197.039993,50.87249
2019-07-31,60.834,194.229996,51.910515
2019-08-01,60.4505,192.729996,50.787201
2019-08-02,59.699501,189.020004,49.712646
2019-08-05,57.616001,181.729996,47.110294
2019-08-06,58.497501,184.509995,48.002113
2019-08-07,58.699501,185.149994,48.499187
2019-08-08,60.240002,190.160004,49.568882
2019-08-09,59.400501,187.850006,49.160416
2019-08-12,58.7355,185.369995,49.035667
2019-08-13,59.863499,188.449997,51.112247
2019-08-14,58.2145,179.710007,49.590893
2019-08-15,58.362999,182.589996,49.343857
2019-08-16,58.880001,183.699997,50.50811
2019-08-19,59.922501,186.169998,51.449783
2019-08-20,59.134499,183.809998,51.452232
2019-08-21,59.5625,183.550003,52.009903
2019-08-22,59.476501,182.039993,51.965874
2019-08-23,57.564499,177.75,49.563988
2019-08-26,58.4445,180.360001,50.505669
2019-08-27,58.391998,181.300003,49.935772
2019-08-28,58.550999,181.759995,50.270859
2019-08-29,59.642502,185.570007,51.122036
2019-08-30,59.404999,185.669998,51.056
2019-09-03,58.419498,182.389999,50.312443
2019-09-04,59.070499,187.139999,51.166065
2019-09-05,60.569,190.899994,52.166447
2019-09-06,60.246498,187.490005,52.161552
2019-09-09,60.220501,188.759995,52.384125
2019-09-10,60.299999,186.169998,53.002941
2019-09-11,61.008499,188.490005,54.688179
2019-09-12,61.712502,187.470001,54.565884
2019-09-13,61.978001,187.190002,53.504349
2019-09-16,61.564999,186.220001,53.785637
2019-09-17,61.4575,188.080002,53.981308
2019-09-18,61.620499,188.139999,54.48761
2019-09-19,61.935501,190.139999,54.044899
2019-09-20,61.496498,189.929993,53.254868
2019-09-23,61.7015,186.820007,53.497013
2019-09-24,60.938,181.279999,53.242634
2019-09-25,62.326,182.800003,54.062027
2019-09-26,62.0695,180.110001,53.783184
2019-09-27,61.254501,177.100006,53.521481
2019-09-30,60.950001,178.080002,54.78112
2019-10-01,60.255001,175.809998,54.93277
2019-10-02,58.831501,174.600006,53.555717
2019-10-03,59.391499,179.380005,54.010666
2019-10-04,60.450001,180.449997,55.524677
2019-10-07,60.383999,179.679993,55.536907
2019-10-08,59.456501,177.75,54.886295
2019-10-09,60.115501,179.850006,55.529575
2019-10-10,60.433498,180.029999,56.278023
2019-10-11,60.772499,184.190002,57.774921
2019-10-14,60.856998,183.279999,57.691761
2019-10-15,62.150501,188.889999,57.557236
2019-10-16,62.181999,189.550003,57.324863
2019-10-17,62.6535,190.389999,57.547451
2019-10-18,62.274502,185.850006,57.823841
2019-10-21,62.307499,189.759995,58.82666
2019-10-22,62.139999,182.339996,58.692142
2019-10-23,62.956501,186.149994,59.479721
2019-10-24,63.0495,186.380005,59.577568
2019-10-25,63.2565,187.889999,60.311333
2019-10-28,64.5,189.399994,60.91547
2019-10-29,63.131001,189.309998,59.506626
2019-10-30,63.064499,188.25,59.499287
2019-10-31,63.005501,191.649994,60.844543
2019-11-01,63.687,193.619995,62.57135
2019-11-04,64.568497,194.720001,62.982269
2019-11-05,64.601501,194.320007,62.891777
2019-11-06,64.589996,191.550003,62.918667
2019-11-07,65.443001,190.419998,63.644825
2019-11-08,65.568497,190.839996,63.819027
2019-11-11,64.959503,189.610001,64.324379
2019-11-12,64.940002,194.470001,64.265511
2019-11-13,64.900002,193.190002,64.881287
2019-11-14,65.572998,193.149994,64.432335
2019-11-15,66.7435,195.100006,65.197746
2019-11-18,66.035004,197.399994,65.526497
2019-11-19,65.773003,199.320007,65.327766
2019-11-20,65.152496,197.509995,64.567261
2019-11-21,65.067497,197.929993,64.277779
2019-11-22,64.766998,198.820007,64.221359
2019-11-25,65.334503,199.789993,65.347389
2019-11-26,65.677498,198.970001,64.83712
2019-11-27,65.649498,202.0,65.708031
2019-11-29,65.248001,201.639999,65.563301
2019-12-02,64.496002,199.699997,64.805229
2019-12-03,64.764,198.820007,63.649754
2019-12-04,66.027,198.710007,64.211533
2019-12-05,66.406502,199.360001,65.153587
2019-12-06,67.030998,201.050003,66.412102
2019-12-09,67.178001,201.339996,65.48233
2019-12-10,67.233002,200.869995,65.865036
2019-12-11,67.250999,202.259995,66.426826
2019-12-12,67.513496,196.75,66.596107
2019-12-13,67.391502,194.110001,67.501358
2019-12-16,68.058502,197.919998,68.656837
2019-12-17,67.755997,198.389999,68.791771
2019-12-18,67.630997,202.5,68.627403
2019-12-19,67.802002,206.059998,68.696098
2019-12-20,67.4795,206.300003,68.55381
2019-12-23,67.442001,206.179993,69.672493
2019-12-24,67.178001,205.119995,69.738724
2019-12-26,68.019997,207.789993,71.122375
2019-12-27,67.594498,208.100006,71.095375
2019-12-30,66.806999,204.410004,71.517334
2019-12-31,66.850998,205.25,72.039879
2020-01-02,68.3685,209.779999,73.683571
2020-01-03,68.032997,208.669998,72.967224
2020-01-06,69.710503,212.600006,73.548622
2020-01-07,69.667,213.059998,73.202736
2020-01-08,70.216003,215.220001,74.38028
2020-01-09,70.991501,218.300003,75.960197
2020-01-10,71.486504,218.059998,76.13192
2020-01-13,71.961502,221.910004,77.75843
2020-01-14,71.543999,219.059998,76.708427
2020-01-15,71.959999,221.149994,76.379707
2020-01-16,72.584999,221.770004,77.336456
2020-01-17,74.019501,222.139999,78.192657
2020-01-21,74.220001,221.440002,77.662758
2020-01-22,74.297501,221.320007,77.939964
2020-01-23,74.332497,219.759995,78.315308
2020-01-24,73.335503,217.940002,78.089607
2020-01-27,71.695,214.869995,75.793365
2020-01-28,72.627998,217.789993,77.937515
2020-01-29,72.931503,223.229996,79.568932
2020-01-30,72.792,209.529999,79.453621
2020-01-31,71.711502,201.910004,75.930756
2020-02-03,74.296997,204.190002,75.722214
2020-02-04,72.3535,209.830002,78.222084
2020-02-05,72.411499,210.110001,78.85994
2020-02-06,73.811501,210.850006,79.782356
2020-02-07,73.961502,212.330002,78.697899
2020-02-10,75.433998,213.059998,79.071686
2020-02-11,75.439499,207.190002,78.594627
2020-02-12,75.913498,210.759995,80.461067
2020-02-13,75.733002,213.139999,79.888092
2020-02-14,76.037003,214.179993,79.907768
2020-02-18,75.983498,217.800003,78.444618
2020-02-19,76.334503,217.490005,79.580711
2020-02-20,75.907501,214.580002,78.76429
2020-02-21,74.255501,210.179993,76.981468
2020-02-24,71.079498,200.720001,73.324821
2020-02-25,69.422501,196.770004,70.841141
2020-02-26,69.658997,197.199997,71.964951
2020-02-27,65.904503,189.75,67.260719
2020-02-28,66.966499,192.470001,67.221382
2020-03-02,69.455498,196.440002,73.479744
2020-03-03,67.069504,185.889999,71.146072
2020-03-04,69.325996,191.759995,74.446144
2020-03-05,65.952003,185.169998,72.031357
2020-03-06,64.920502,181.089996,71.07476
2020-03-09,60.778,169.5,65.4533
2020-03-10,64.019501,178.190002,70.167351
2020-03-11,60.7705,170.240005,67.730415
2020-03-12,55.745499,154.470001,61.041721
2020-03-13,60.9865,170.279999,68.355019
2020-03-16,54.216499,146.009995,59.561352
2020-03-17,55.990002,149.419998,62.180271
2020-03-18,54.84,146.960007,60.6581
2020-03-19,55.7645,153.130005,60.193336
2020-03-20,53.616001,149.729996,56.371925
2020-03-23,52.831001,148.100006,55.174355
2020-03-24,56.723,160.979996,60.70974
2020-03-25,55.1245,156.210007,60.375313
2020-03-26,58.087502,163.339996,63.552437
2020-03-27,55.5355,156.789993,60.921223
2020-03-30,57.341,165.949997,62.659794
2020-03-31,58.140499,166.800003,62.531918
2020-04-01,55.280998,159.600006,59.241673
2020-04-02,56.042,158.190002,60.230221
2020-04-03,54.894001,154.179993,59.364624
2020-04-06,59.346001,165.550003,64.543449
2020-04-07,59.3255,168.830002,63.795883
2020-04-08,60.514,174.279999,65.428719
2020-04-09,60.572498,175.190002,65.900856
2020-04-13,60.877998,174.789993,67.194328
2020-04-14,63.461498,178.169998,70.587852
2020-04-15,63.123501,176.970001,69.943573
2020-04-16,63.1735,176.25,70.499329
2020-04-17,64.162498,179.240005,69.542747
2020-04-20,63.330502,178.240005,68.099274
2020-04-21,60.817001,170.800003,65.994301
2020-04-22,63.1605,182.279999,67.895172
2020-04-23,63.815498,185.130005,67.63205
2020-04-24,63.9655,190.070007,69.584557
2020-04-27,63.793999,187.5,69.633743
2020-04-28,61.683498,182.910004,68.505028
2020-04-29,67.073997,194.190002,70.755066
2020-04-30,67.432999,204.710007,72.247726
2020-05-01,66.030502,202.270004,71.084595
2020-05-04,66.339996,205.259995,72.09037
2020-05-05,67.555496,207.070007,73.172348
2020-05-06,67.364998,208.470001,73.927292
2020-05-07,68.627998,211.259995,74.69207
2020-05-08,69.418503,212.350006,76.469856
2020-05-11,70.163002,213.179993,77.673149
2020-05-12,68.787003,210.100006,76.785477
2020-05-13,67.466499,205.100006,75.85836
2020-05-14,67.806503,206.809998,76.324379
2020-05-15,68.6595,210.880005,75.873161
2020-05-18,69.196999,213.190002,77.660805
2020-05-19,68.674248,216.880005,77.212067
2020-05-20,70.335999,229.970001,78.713676
2020-05-21,70.139999,231.389999,78.126831
2020-05-22,70.521004,234.910004,78.629852
2020-05-26,70.850998,232.199997,78.097244
2020-05-27,70.891998,229.139999,78.437508
2020-05-28,70.836502,225.460007,78.472046
2020-05-29,71.445999,225.089996,78.395592
2020-06-01,71.591003,231.910004,79.359703
2020-06-02,71.960999,232.720001,79.727104
2020-06-03,71.819,230.160004,80.166008
2020-06-04,70.609001,226.289993,79.475601
2020-06-05,71.919502,230.770004,81.739136
2020-06-08,72.330498,231.399994,82.222412
2020-06-09,72.807999,238.669998,84.818832
2020-06-10,73.292503,236.729996,87.001015
2020-06-11,70.192001,224.429993,82.824059
2020-06-12,70.658997,228.580002,83.539124
2020-06-15,70.9925,232.5,84.572258
2020-06-16,72.136002,235.649994,86.813614
2020-06-17,72.556,235.529999,86.692795
2020-06-18,71.797997,235.940002,86.727325
2020-06-19,71.585999,238.789993,86.231712
2020-06-22,72.593002,239.220001,88.487846
2020-06-23,73.220497,242.240005,90.376595
2020-06-24,71.598503,234.020004,88.781281
2020-06-25,72.066498,235.679993,89.9599
2020-06-26,67.995003,216.080002,87.195816
2020-06-29,69.748497,220.639999,89.205376
2020-06-30,70.680496,227.070007,89.950027
2020-07-01,71.902,237.550003,89.779892
2020-07-02,73.235001,233.419998,89.779892
2020-07-06,74.785004,240.279999,92.181519
2020-07-07,74.259003,240.860001,91.895508
2020-07-08,74.800003,243.580002,94.035767
2020-07-09,75.5495,244.5,94.440155
2020-07-10,77.086998,245.070007,94.605347
2020-07-13,75.567001,239.0,94.1689
2020-07-14,76.028999,239.729996,95.727257
2020-07-15,75.681999,240.279999,96.385597
2020-07-16,75.900002,240.929993,95.199585
2020-07-17,75.777496,242.029999,95.007256
2020-07-20,78.286003,245.419998,97.00943
2020-07-21,77.920998,241.75,95.67054
2020-07-22,78.4245,239.869995,95.939308
2020-07-23,75.783997,232.600006,91.572487
2020-07-24,75.593498,230.710007,91.345634
2020-07-27,76.510002,233.5,93.510559
2020-07-28,75.016998,230.119995,91.974419
2020-07-29,76.100998,233.289993,93.737411
2020-07-30,76.572502,234.5,94.871643
2020-07-31,74.148003,253.669998,104.803635
2020-08-03,73.722504,251.960007,107.444427
2020-08-04,73.248497,249.830002,108.161964
2020-08-05,73.680496,249.119995,108.554016
2020-08-06,75.004997,265.279999,112.341377
2020-08-07,74.724503,268.440002,109.787209
2020-08-10,74.805,263.0,111.38295
2020-08-11,74.015999,256.130005,108.070442
2020-08-12,75.331001,259.890015,111.662079
2020-08-13,75.922501,261.299988,113.638229
2020-08-14,75.386497,261.23999,113.536942
2020-08-17,75.899002,261.160004,113.240524
2020-08-18,77.93,262.339996,114.184135
2020-08-19,77.376503,262.589996,114.327408
2020-08-20,79.087502,269.01001,116.864281
2020-08-21,79.021004,267.01001,122.886589
2020-08-24,79.410004,271.390015,124.356346
2020-08-25,80.411003,280.820007,123.336159
2020-08-26,82.619003,303.910004,125.013412
2020-08-27,81.716499,293.220001,123.518959
2020-08-28,82.220497,293.660004,123.318871
2020-08-31,81.709,293.200012,127.500885
2020-09-01,83.0355,295.440002,132.57959
2020-09-02,86.414001,302.5,129.832764
2020-09-03,82.092003,291.119995,119.438202
2020-09-04,79.552002,282.730011,119.51725
2020-09-08,76.619499,271.160004,111.474342
2020-09-09,77.848,273.720001,115.920677
2020-09-10,76.600998,268.089996,112.136345
2020-09-11,76.036003,266.609985,110.664131
2020-09-14,75.963997,266.149994,113.984047
2020-09-15,77.071999,272.420013,114.161903
2020-09-16,76.044998,263.519989,110.792572
2020-09-17,74.776497,254.820007,109.023918
2020-09-18,72.999496,252.529999,105.565651
2020-09-21,71.557999,248.149994,108.767036
2020-09-22,73.273003,254.75,110.476379
2020-09-23,70.760498,249.020004,105.842346
2020-09-24,71.414497,249.529999,106.929199
2020-09-25,72.248001,254.820007,110.940796
2020-09-28,73.225998,256.820007,113.588821
2020-09-29,73.466499,261.790009,112.729202
2020-09-30,73.480003,261.899994,114.428673
2020-10-01,74.504501,266.630005,115.396996
2020-10-02,72.920998,259.940002,111.671951
2020-10-05,74.301003,264.649994,115.110451
2020-10-06,72.671997,258.660004,111.810287
2020-10-07,73.014503,258.119995,113.707397
2020-10-08,74.296501,263.76001,113.598701
2020-10-09,75.761002,264.450012,115.574852
2020-10-12,78.457497,275.75,122.916237
2020-10-13,78.584,276.140015,119.655579
2020-10-14,78.403999,271.820007,119.744522
2020-10-15,77.956497,266.720001,119.270241
2020-10-16,78.650497,265.929993,117.600395
2020-10-19,76.730499,261.399994,114.596664
2020-10-20,77.796501,267.559998,116.108414
2020-10-21,79.665497,278.730011,115.476044
2020-10-22,80.766502,278.119995,114.369392
2020-10-23,82.050003,284.790009,113.667862
2020-10-26,79.522499,277.109985,113.67775
2020-10-27,80.212997,283.290009,115.209259
2020-10-28,75.831001,267.670013,109.873665
2020-10-29,78.362,280.829987,113.944527
2020-10-30,81.050499,263.109985,107.561569
2020-11-02,81.301498,261.359985,107.472649
2020-11-03,82.510498,265.299988,109.122734
2020-11-04,87.456497,287.380005,113.578926
2020-11-05,88.168503,294.679993,117.610283
2020-11-06,88.087502,293.410004,117.476669
2020-11-09,88.150002,278.769989,115.13089
2020-11-10,87.019501,272.429993,114.784462
2020-11-11,87.635498,276.480011,118.268471
2020-11-12,87.491997,275.079987,117.991348
2020-11-13,88.850998,276.950012,118.04084
2020-11-16,89.069,278.959991,119.070198
2020-11-17,88.5075,275.0,118.169495
2020-11-18,87.338997,271.970001,116.82341
2020-11-19,88.195999,272.940002,117.427162
2020-11-20,87.109497,269.700012,116.14045
2020-11-23,86.742996,268.429993,112.686127
2020-11-24,88.444,276.920013,113.992645
2020-11-25,88.571503,275.589996,114.843849
2020-11-27,89.6595,277.809998,115.398109
2020-11-30,88.037003,276.970001,117.832985
2020-12-01,89.904999,286.549988,121.465462
2020-12-02,91.397499,287.519989,121.8218
2020-12-03,91.338501,281.850006,121.683212
2020-12-04,91.399498,279.700012,121.000275
2020-12-07,90.973999,285.579987,122.48494
2020-12-08,90.927498,283.399994,123.108505
2020-12-09,89.206497,277.920013,120.535065
2020-12-10,88.766502,277.119995,121.980141
2020-12-11,89.088501,273.549988,121.15863
2020-12-14,88.002998,274.190002,120.535065
2020-12-15,88.388496,275.549988,126.572708
2020-12-16,88.150002,275.670013,126.503426
2020-12-17,87.394997,274.480011,127.384338
2020-12-18,86.550499,276.399994,125.365189
2020-12-21,86.968498,272.790009,126.919136
2020-12-22,86.175003,267.089996,130.53183
2020-12-23,86.619003,268.109985,129.621246
2020-12-24,86.942497,267.399994,130.620911
2020-12-28,88.804497,277.0,135.292648
2020-12-29,87.935997,276.779999,133.491257
2020-12-30,86.975998,271.869995,132.352997
2020-12-31,87.594002,273.160004,131.333557
2021-01-04,86.412003,268.940002,128.087067
2021-01-05,87.045998,270.970001,129.670715
2021-01-06,86.764503,263.309998,125.305801
2021-01-07,89.362503,268.73999,129.581619
2021-01-08,90.360497,267.570007,130.700073
2021-01-11,88.335999,256.839996,127.661461
2021-01-12,87.327499,251.089996,127.483315
2021-01-13,87.720001,251.639999,129.551941
2021-01-14,87.009003,245.639999,127.592178
2021-01-15,86.809502,251.360001,125.840271
2021-01-19,89.542999,261.100006,126.523224
2021-01-20,94.345001,267.480011,130.680283
2021-01-21,94.5625,272.869995,135.47081
2021-01-22,95.052498,274.5,137.648315
2021-01-25,94.970001,278.01001,141.458969
2021-01-26,95.862,282.049988,141.696518
2021-01-27,91.539497,272.140015,140.607758
2021-01-28,93.155502,265.0,135.688553
2021-01-29,91.787003,258.329987,130.610992
2021-02-01,95.067497,262.01001,132.768707
2021-02-02,96.375504,267.079987,133.610046
2021-02-03,103.503502,266.649994,132.57077
2021-02-04,103.1185,266.48999,135.985489
2021-02-05,104.900002,268.100006,135.564209
2021-02-08,104.6455,266.579987,135.712891
2021-02-09,104.175499,269.450012,134.820755
2021-02-10,104.768997,271.869995,134.206177
2021-02-11,104.794502,270.390015,133.948471
2021-02-12,105.205498,270.5,134.186356
2021-02-16,106.095001,273.970001,132.025421
2021-02-17,106.415497,273.570007,129.695969
2021-02-18,105.860001,269.390015,128.575851
2021-02-19,105.056999,261.559998,128.734436
2021-02-22,103.244003,260.329987,124.8983
2021-02-23,103.542999,265.859985,124.759514
2021-02-24,104.758499,264.309998,124.253975
2021-02-25,101.568001,254.690002,119.932091
2021-02-26,101.843002,257.619995,120.199745
2021-03-01,104.0755,264.910004,126.672638
2021-03-02,103.792,259.0,124.025986
2021-03-03,101.335503,255.410004,120.992737
2021-03-04,102.454498,257.640015,119.079605
2021-03-05,105.427002,264.279999,120.35833
2021-03-08,101.208504,255.309998,115.342575
2021-03-09,102.635002,265.73999,120.031227
2021-03-10,102.751503,264.899994,118.930931
2021-03-11,105.738503,273.880005,120.893616
2021-03-12,103.096001,268.399994,119.971733
2021-03-15,103.324501,273.75,122.905861
2021-03-16,104.625999,279.279999,124.472054
2021-03-17,104.554001,284.01001,123.669128
2021-03-18,101.810997,278.619995,119.476112
2021-03-19,102.160004,290.109985,118.940842
2021-03-22,101.929497,293.540009,122.311111
2021-03-23,102.648003,290.630005,121.468552
2021-03-24,102.252998,282.140015,119.039955
2021-03-25,102.218002,278.73999,119.535583
2021-03-26,101.777496,283.019989,120.150169
2021-03-29,102.797501,290.820007,120.328598
2021-03-30,102.777,288.0,118.851624
2021-03-31,103.431503,294.529999,121.081955
2021-04-01,106.887497,298.660004,121.924515
2021-04-05,111.277496,308.910004,124.799171
2021-04-06,111.237503,306.26001,125.106453
2021-04-07,112.484001,313.089996,126.781677
2021-04-08,113.272003,313.019989,129.220169
2021-04-09,114.293999,312.459991,131.837082
2021-04-12,112.739502,311.540009,130.092468
2021-04-13,113.363503,309.76001,133.254593
2021-04-14,112.741997,302.820007,130.875549
2021-04-15,114.833,307.820007,133.323975
2021-04-16,114.888,306.179993,132.986938
2021-04-19,115.120003,302.23999,133.660995
2021-04-20,114.681503,302.649994,131.946152
2021-04-21,114.664497,301.470001,132.332703
2021-04-22,113.396004,296.519989,130.786377
2021-04-23,115.764999,301.130005,133.145538
2021-04-26,116.336998,303.040009,133.542053
2021-04-27,115.356003,303.570007,133.21492
2021-04-28,118.995499,307.100006,132.412018
2021-04-29,121.494499,329.51001,132.312866
2021-04-30,120.505997,325.079987,130.310547
2021-05-03,119.758499,322.579987,131.381088
2021-05-04,117.712502,318.359985,126.732109
2021-05-05,117.836998,315.019989,126.979935
2021-05-06,119.067497,320.019989,128.605606
2021-05-07,119.934502,319.079987,129.290726
2021-05-10,117.083,305.970001,125.954437
2021-05-11,115.438004,306.529999,125.02108
2021-05-12,111.954002,302.549988,121.903244
2021-05-13,113.098503,305.26001,124.087715
2021-05-14,115.807999,315.940002,126.550194
2021-05-17,116.070503,315.459991,125.378525
2021-05-18,115.171501,309.959991,123.968559
2021-05-19,115.435501,313.589996,123.809692
2021-05-20,117.804497,318.609985,126.411194
2021-05-21,117.254997,316.230011,124.544472
2021-05-24,120.333504,324.630005,126.202675
2021-05-25,120.453499,327.790009,126.004082
2021-05-26,121.676498,327.660004,125.954437
2021-05-27,120.125504,332.75,124.395523
2021-05-28,120.578003,328.730011,123.730255
2021-06-01,121.490501,329.130005,123.402588
2021-06-02,121.064003,329.149994,124.177078
2021-06-03,120.230499,326.040009,122.667809
2021-06-04,122.587997,330.350006,125.001221
2021-06-07,123.304497,336.579987,125.011147
2021-06-08,124.142502,333.679993,125.845215
2021-06-09,124.57,330.25,126.232452
2021-06-10,126.080002,332.459991,125.219666
2021-06-11,125.696503,331.26001,126.450905
2021-06-14,126.351997,336.769989,129.558807
2021-06-15,126.032997,336.75,128.724731
2021-06-16,125.696503,331.079987,129.23114
2021-06-17,126.371002,336.51001,130.859573
2021-06-18,125.567497,329.660004,129.538956
2021-06-21,126.455002,332.290009,131.365967
2021-06-22,126.999496,339.029999,133.034088
2021-06-23,126.461502,340.589996,132.756088
2021-06-24,127.281998,343.179993,132.468109
2021-06-25,126.995003,341.369995,132.170242
2021-06-28,126.819504,355.640015,133.828445
2021-06-29,126.018501,351.890015,135.367493
2021-06-30,125.316002,347.709991,135.993073
2021-07-01,126.3685,354.390015,136.300873
2021-07-02,128.718994,354.700012,138.971878
2021-07-06,129.770996,352.779999,141.017334
2021-07-07,130.077499,350.48999,143.549332
2021-07-08,129.177002,345.649994,142.228714
2021-07-09,129.574493,350.420013,144.085526
2021-07-12,130.563995,353.160004,143.479828
2021-07-13,130.994507,352.089996,144.611771
2021-07-14,132.082504,347.630005,148.096985
2021-07-15,131.266495,344.459991,147.431732
2021-07-16,131.845505,341.160004,145.356491
2021-07-19,129.253998,336.950012,141.444305
2021-07-20,131.101501,341.660004,145.118179
2021-07-21,132.600494,346.230011,144.373459
2021-07-22,133.328506,351.190002,145.76358
2021-07-23,137.815994,369.790009,147.511154
2021-07-26,139.644501,372.459991,147.938141
2021-07-27,136.796494,367.809998,145.733795
2021-07-28,136.3815,373.279999,143.956421
2021-07-29,136.540497,358.320007,144.611771
2021-07-30,135.220993,356.299988,144.830231
2021-08-02,135.989502,351.950012,144.49263
2021-08-03,136.279999,351.23999,146.319641
2021-08-04,136.028503,358.920013,145.912537
2021-08-05,136.940002,362.970001,146.021774
2021-08-06,137.035995,363.51001,145.325653
2021-08-09,138.001999,361.609985,145.27594
2021-08-10,138.096497,361.130005,144.788681
2021-08-11,137.689499,359.959991,145.047226
2021-08-12,138.389496,362.649994,148.060333
2021-08-13,138.406006,363.179993,148.26918
2021-08-16,138.916,366.559998,150.277893
2021-08-17,137.300507,358.450012,149.353104
2021-08-18,136.570007,355.450012,145.544418
2021-08-19,136.913498,355.119995,145.882523
2021-08-20,138.436996,359.369995,147.364243
2021-08-23,141.099503,363.350006,148.875778
2021-08-24,142.398499,365.51001,148.786255
2021-08-25,142.949997,368.390015,147.533279
2021-08-26,142.123001,364.380005,146.717865
2021-08-27,144.550507,372.630005,147.771973
2021-08-30,145.469498,380.660004,152.266769
2021-08-31,145.462006,379.380005,150.983948
2021-09-01,145.841995,382.049988,151.660156
2021-09-02,144.218994,375.279999,152.793808
2021-09-03,144.774994,376.26001,153.440186
2021-09-07,145.518997,382.179993,155.816879
2021-09-08,144.883499,377.570007,154.245682
2021-09-09,144.913498,378.0,153.211472
2021-09-10,141.921005,378.690002,148.139877
2021-09-13,143.464996,376.51001,148.716675
2021-09-14,143.406006,376.529999,147.294617
2021-09-15,145.205994,373.920013,148.199554
2021-09-16,144.373505,373.059998,147.960892
2021-09-17,141.463501,364.720001,145.246094
2021-09-20,139.016998,355.700012,142.143494
2021-09-21,139.6465,357.480011,142.630753
2021-09-22,140.938507,343.209991,145.037292
2021-09-23,141.826508,345.959991,146.011826
2021-09-24,142.632996,352.959991,146.101318
2021-09-27,141.501007,353.579987,144.559952
2021-09-28,136.184006,340.649994,141.119217
2021-09-29,134.520996,339.609985,142.034119
2021-09-30,133.265503,339.390015,140.711533
2021-10-01,136.462494,343.01001,141.855103
2021-10-04,133.764999,326.230011,138.36467
2021-10-05,136.177002,332.959991,140.323685
2021-10-06,137.354004,333.640015,141.20874
2021-10-07,139.185501,329.220001,142.491531
2021-10-08,140.056,330.049988,142.103699
2021-10-11,138.847504,325.450012,142.014221
2021-10-12,136.712997,323.769989,140.721466
2021-10-13,137.899994,324.540009,140.124802
2021-10-14,141.412003,328.529999,142.958908
2021-10-15,141.675003,324.76001,144.032898
2021-10-18,142.960495,335.339996,145.733368
2021-10-19,143.822006,339.98999,147.931046
2021-10-20,142.414993,340.779999,148.428284
2021-10-21,142.780502,341.880005,148.647034
2021-10-22,138.625,324.609985,147.86145
2021-10-25,138.772995,328.690002,147.811722
2021-10-26,139.671997,315.809998,148.487961
2021-10-27,146.427505,312.220001,148.020569
2021-10-28,146.128998,316.920013,151.719833
2021-10-29,148.270493,323.570007,148.965271
2021-11-01,143.774002,329.980011,148.129944
2021-11-02,145.863007,328.079987,149.184052
2021-11-03,146.789993,331.619995,150.645874
2021-11-04,148.682999,335.850006,150.11882
2021-11-05,149.240997,341.130005,150.656586
2021-11-08,149.351501,338.619995,149.820023
2021-11-09,149.248505,335.369995,150.188507
2021-11-10,146.626007,327.640015,147.31041
2021-11-11,146.748001,327.73999,147.26062
2021-11-12,149.645493,340.890015,149.371902
2021-11-15,149.388,347.559998,149.381851
2021-11-16,149.076004,342.959991,150.377731
2021-11-17,149.061996,340.769989,152.857483
2021-11-18,150.709,338.690002,157.219421
2021-11-19,149.952499,345.299988,159.888382
2021-11-22,147.078506,341.01001,160.356445
2021-11-23,146.757004,337.25,160.744827
2021-11-24,146.717499,341.059998,161.272644
2021-11-26,142.806,333.119995,156.163788
2021-11-29,146.113998,338.029999,159.579666
2021-11-30,142.451996,324.459991,164.618805
2021-12-01,141.617996,310.600006,164.090988
2021-12-02,143.776505,310.390015,163.085144
2021-12-03,142.520493,306.839996,161.173065
2021-12-06,143.796494,317.869995,164.638718
2021-12-07,148.036499,322.809998,170.474564
2021-12-08,148.720505,330.559998,174.358505
2021-12-09,148.106003,329.820007,173.840637
2021-12-10,148.675003,329.75,178.71048
2021-12-13,146.704498,334.48999,175.015778
2021-12-14,144.970505,333.73999,173.611588
2021-12-15,147.3685,341.660004,178.561111
2021-12-16,144.838501,334.899994,171.550095
2021-12-17,142.802994,333.790009,170.434723
2021-12-20,142.401505,325.450012,169.050461
2021-12-21,144.220505,334.200012,172.2771
2021-12-22,146.949005,330.450012,174.916183
2021-12-23,147.142502,335.23999,175.553543
2021-12-27,148.063995,346.179993,179.586868
2021-12-28,146.447998,346.220001,178.551132
2021-12-29,146.504501,342.940002,178.640778
2021-12-30,146.002502,344.359985,177.465637
2021-12-31,144.679504,336.350006,176.838257
2022-01-03,145.074493,338.540009,181.259918
2022-01-04,144.416504,336.529999,178.959442
2022-01-05,137.653503,324.170013,174.199158
2022-01-06,137.550995,332.459991,171.291183
2022-01-07,137.004501,331.790009,171.460495
2022-01-10,138.574005,328.070007,171.480408
2022-01-11,140.017502,334.369995,174.358505
2022-01-12,141.647995,333.26001,174.806625
2022-01-13,139.130997,326.480011,171.480408
2022-01-14,139.786499,331.899994,172.356796
2022-01-18,136.290497,318.149994,169.100266
2022-01-19,135.651993,319.589996,165.544968
2022-01-20,133.5065,316.559998,163.832062
2022-01-21,130.091995,303.170013,161.740707
2022-01-24,130.371994,308.709991,160.953964
2022-01-25,126.735497,300.149994,159.121552
2022-01-26,129.240005,294.630005,159.031906
2022-01-27,129.121002,294.640015,158.563843
2022-01-28,133.289505,301.709991,169.628082
2022-01-31,135.698502,313.26001,174.059723
2022-02-01,137.878494,319.0,173.890442
2022-02-02,148.036499,323.0,175.115356
2022-02-03,142.650497,237.759995,172.187469
2022-02-04,143.016006,237.089996,171.898315
2022-02-07,138.938004,224.910004,171.170395
2022-02-08,139.212997,220.179993,174.33136
2022-02-09,141.453003,232.0,175.777206
2022-02-10,138.602493,228.070007,171.629074
2022-02-11,134.130005,219.550003,168.159012
2022-02-14,135.300003,217.699997,168.398331
2022-02-15,136.425507,221.0,172.297165
2022-02-16,137.487503,216.539993,172.057861
2022-02-17,132.308502,207.710007,168.398331
2022-02-18,130.467499,206.160004,166.82283
2022-02-22,129.402496,202.080002,163.851334
2022-02-23,127.584999,198.449997,159.613464
2022-02-24,132.673492,207.600006,162.275848
2022-02-25,134.519501,210.479996,164.379822
2022-02-28,134.891006,211.029999,164.649048
2022-03-01,134.167999,203.490005,162.734512
2022-03-02,134.751495,208.110001,166.084946
2022-03-03,134.307999,202.970001,165.755875
2022-03-04,132.121994,200.059998,162.704605
2022-03-07,126.4645,187.470001,158.845657
2022-03-08,127.278503,190.289993,156.990952
2022-03-09,133.865997,198.5,162.485229
2022-03-10,132.682007,195.210007,158.067886
2022-03-11,130.475494,187.610001,154.288681
2022-03-14,126.740997,186.630005,150.190399
2022-03-15,129.660507,192.029999,154.647644
2022-03-16,133.690506,203.630005,159.134811
2022-03-17,134.600494,207.839996,160.16188
2022-03-18,136.801498,216.490005,163.512283
2022-03-21,136.4785,211.490005,164.90831
2022-03-22,140.277496,216.649994,168.338501
2022-03-23,138.503494,213.460007,169.724533
2022-03-24,141.311996,219.570007,173.573532
2022-03-25,141.5215,221.820007,174.221664
2022-03-28,141.949997,223.589996,175.099167
2022-03-29,143.25,229.860001,178.44957
2022-03-30,142.644501,227.850006,177.26297
2022-03-31,139.649506,222.360001,174.111984
2022-04-01,140.699997,224.850006,173.812836
2022-04-04,143.642502,233.889999,177.931061
2022-04-05,141.063004,231.839996,174.560699
2022-04-06,137.175995,223.300003,171.33992
2022-04-07,136.464996,222.949997,171.649017
2022-04-08,134.010498,222.330002,169.604874
2022-04-11,129.796494,216.460007,165.277252
2022-04-12,128.374496,214.139999,167.181808
2022-04-13,130.285995,214.990005,169.913986
2022-04-14,127.252998,210.179993,164.818558
2022-04-18,127.960999,210.770004,164.599197
2022-04-19,130.531006,217.309998,166.922531
2022-04-20,128.245499,200.419998,166.753021
2022-04-21,124.9375,188.070007,165.945328
2022-04-22,119.613998,184.110001,161.328537
2022-04-25,123.25,186.990005,162.415436
2022-04-26,119.505997,180.949997,156.352783
2022-04-27,115.0205,174.949997,156.123444
2022-04-28,119.411499,205.729996,163.173264
2022-04-29,114.966499,200.470001,157.200348
2022-05-02,117.156998,211.130005,157.50946
2022-05-03,118.129501,212.029999,159.025131
2022-05-04,122.574997,223.410004,165.546494
2022-05-05,116.746498,208.279999,156.322876
2022-05-06,115.660004,203.770004,157.061829
2022-05-09,113.084,196.210007,151.849075
2022-05-10,114.584503,197.649994,154.29567
2022-05-11,113.960999,188.740005,146.296783
2022-05-12,113.161003,191.240005,142.362244
2022-05-13,116.515503,198.619995,146.905945
2022-05-16,114.792503,200.039993,145.33812
2022-05-17,116.7015,202.619995,149.03299
2022-05-18,112.401001,192.240005,140.62468
2022-05-19,110.745499,191.289993,137.159485
2022-05-20,109.313004,193.539993,137.399139
2022-05-23,111.666496,196.229996,142.911484
2022-05-24,105.926003,181.279999,140.165298
2022-05-25,105.8395,183.830002,140.325089
2022-05-26,108.295998,191.630005,143.580551
2022-05-27,112.799004,195.130005,149.432434
2022-05-31,114.039001,193.639999,148.633545
2022-06-01,114.137001,188.639999,148.503723
2022-06-02,117.746002,198.860001,151.000259
2022-06-03,114.564003,190.779999,145.178345
2022-06-06,117.010498,194.25,145.937286
2022-06-07,117.2295,195.649994,148.503723
2022-06-08,117.237999,196.639999,147.754776
2022-06-09,114.917999,184.0,142.442139
2022-06-10,111.427498,175.570007,136.939789
2022-06-13,106.876503,164.259995,131.697067
2022-06-14,107.194,163.729996,132.575836
2022-06-15,110.390503,169.350006,135.242142
2022-06-16,106.636002,160.869995,129.879593
2022-06-17,107.865501,163.740005,131.377502
2022-06-21,112.014999,157.050003,135.681534
2022-06-22,112.033997,155.850006,135.162262
2022-06-23,112.684502,158.75,138.078201
2022-06-24,118.538002,170.160004,141.463501
2022-06-27,116.622498,169.490005,141.463501
2022-06-28,112.571503,160.679993,137.249359
2022-06-29,112.2565,163.940002,139.036865
2022-06-30,109.372498,161.25,136.53035
2022-07-01,109.081001,160.029999,138.737274
2022-07-05,113.887001,168.190002,141.363632
2022-07-06,115.213501,169.770004,142.721756
2022-07-07,119.306,172.190002,146.147003
2022-07-08,120.168503,170.880005,146.836029
2022-07-11,116.522499,162.880005,144.669037
2022-07-12,114.849503,163.270004,145.657669
2022-07-13,112.186996,163.490005,145.288193
2022-07-14,111.440002,158.050003,148.264053
2022-07-15,112.766998,164.699997,149.9617
2022-07-18,109.910004,167.229996,146.865997
2022-07-19,114.620003,175.779999,150.790543
2022-07-20,114.699997,183.089996,152.827713
2022-07-21,115.040001,183.169998,155.134521
2022-07-22,108.360001,169.270004,153.876251
2022-07-25,108.209999,166.649994,152.737839
2022-07-26,105.440002,159.149994,151.389725
2022-07-27,113.599998,169.580002,156.57251
2022-07-28,114.589996,160.720001,157.131744
2022-07-29,116.639999,159.100006,162.284576
2022-08-01,115.480003,159.929993,161.285965
2022-08-02,115.900002,160.190002,159.78804
2022-08-03,118.779999,168.800003,165.899567
2022-08-04,118.870003,170.570007,165.580002
2022-08-05,118.220001,167.110001,165.350006
2022-08-08,118.139999,170.25,164.869995
2022-08-09,117.5,168.529999,164.919998
2022-08-10,120.650002,178.339996,169.240005
2022-08-11,119.82,177.490005,168.490005
2022-08-12,122.650002,180.5,172.100006
2022-08-15,122.879997,180.889999,173.190002
2022-08-16,122.510002,179.470001,173.029999
2022-08-17,120.32,174.850006,174.550003
2022-08-18,120.860001,174.660004,174.149994
2022-08-19,118.120003,167.960007,171.520004
2022-08-22,115.07,163.050003,167.570007
2022-08-23,114.769997,161.110001,167.229996
2022-08-24,114.699997,163.259995,167.529999
2022-08-25,117.699997,168.779999,170.029999
2022-08-26,111.300003,161.779999,163.619995
2022-08-29,110.339996,159.169998,161.380005
2022-08-30,109.910004,157.160004,158.910004
2022-08-31,109.150002,162.929993,157.220001
2022-09-01,110.550003,165.360001,157.960007
2022-09-02,108.68,160.320007,155.809998
2022-09-06,107.480003,158.539993,154.529999
